{
  "version": 3,
  "targets": {
    ".NETFramework,Version=v4.6.1": {
      "BouncyCastle/1.8.1": {
        "type": "package",
        "compile": {
          "lib/_._": {}
        },
        "runtime": {
          "lib/BouncyCastle.Crypto.dll": {}
        }
      },
      "ClosedXML/0.87.1": {
        "type": "package",
        "dependencies": {
          "DocumentFormat.OpenXml": "2.5.0"
        },
        "compile": {
          "lib/net40/_._": {}
        },
        "runtime": {
          "lib/net40/ClosedXML.dll": {}
        }
      },
      "CsvHelper/2.13.5": {
        "type": "package",
        "compile": {
          "lib/net40-client/_._": {}
        },
        "runtime": {
          "lib/net40-client/CsvHelper.dll": {}
        }
      },
      "DocumentFormat.OpenXml/2.5.0": {
        "type": "package",
        "compile": {
          "lib/_._": {}
        },
        "runtime": {
          "lib/DocumentFormat.OpenXml.dll": {}
        }
      },
      "interop.domino.dll/1.0.0": {
        "type": "package",
        "compile": {
          "lib/_._": {}
        },
        "runtime": {
          "lib/Interop.Domino.dll": {}
        }
      },
      "Microsoft.AspNet.SignalR.Client/2.4.0": {
        "type": "package",
        "dependencies": {
          "Newtonsoft.Json": "6.0.4"
        },
        "frameworkAssemblies": [
          "System.Net.Http",
          "System.Net.Http.WebRequest"
        ],
        "compile": {
          "lib/net45/_._": {}
        },
        "runtime": {
          "lib/net45/Microsoft.AspNet.SignalR.Client.dll": {}
        }
      },
      "Microsoft.Exchange.WebServices/2.2.0": {
        "type": "package",
        "compile": {
          "lib/40/_._": {}
        },
        "runtime": {
          "lib/40/Microsoft.Exchange.WebServices.Auth.dll": {},
          "lib/40/Microsoft.Exchange.WebServices.dll": {}
        }
      },
      "Microsoft.Extensions.FileSystemGlobbing/2.2.0": {
        "type": "package",
        "compile": {
          "lib/netstandard2.0/_._": {}
        },
        "runtime": {
          "lib/netstandard2.0/Microsoft.Extensions.FileSystemGlobbing.dll": {}
        }
      },
      "Microsoft.Rest.ClientRuntime/2.3.20": {
        "type": "package",
        "dependencies": {
          "Newtonsoft.Json": "10.0.3"
        },
        "frameworkAssemblies": [
          "System.Net",
          "System.Net.Http",
          "System.Net.Http.WebRequest",
          "System.Runtime",
          "System.Runtime.Serialization"
        ],
        "compile": {
          "lib/net461/_._": {}
        },
        "runtime": {
          "lib/net461/Microsoft.Rest.ClientRuntime.dll": {}
        }
      },
      "Microsoft.VisualStudio.OLE.Interop/7.10.6071": {
        "type": "package",
        "compile": {
          "lib/_._": {}
        },
        "runtime": {
          "lib/Microsoft.VisualStudio.OLE.Interop.dll": {}
        }
      },
      "Newtonsoft.Json/11.0.2": {
        "type": "package",
        "compile": {
          "lib/net45/_._": {}
        },
        "runtime": {
          "lib/net45/Newtonsoft.Json.dll": {}
        }
      },
      "NPOI/2.4.1": {
        "type": "package",
        "dependencies": {
          "SharpZipLib": "1.0.0"
        },
        "compile": {
          "lib/net45/_._": {}
        },
        "runtime": {
          "lib/net45/NPOI.OOXML.dll": {},
          "lib/net45/NPOI.OpenXml4Net.dll": {},
          "lib/net45/NPOI.OpenXmlFormats.dll": {},
          "lib/net45/NPOI.dll": {}
        }
      },
      "SharpZipLib/1.0.0": {
        "type": "package",
        "compile": {
          "lib/net45/_._": {}
        },
        "runtime": {
          "lib/net45/ICSharpCode.SharpZipLib.dll": {}
        }
      },
      "UiPath.Database.Activities/1.2.6863.32528": {
        "type": "package",
        "compile": {
          "lib/net40-Client/_._": {}
        },
        "runtime": {
          "lib/net40-Client/Microsoft.Data.ConnectionUI.Dialog.dll": {},
          "lib/net40-Client/UiPath.Database.Activities.Design.dll": {},
          "lib/net40-Client/UiPath.Database.Activities.dll": {},
          "lib/net40-Client/UiPath.Database.dll": {}
        },
        "resource": {
          "lib/net40-Client/de/UiPath.Database.Activities.Design.resources.dll": {
            "locale": "de"
          },
          "lib/net40-Client/de/UiPath.Database.Activities.resources.dll": {
            "locale": "de"
          },
          "lib/net40-Client/de/UiPath.Database.resources.dll": {
            "locale": "de"
          },
          "lib/net40-Client/fr/UiPath.Database.Activities.Design.resources.dll": {
            "locale": "fr"
          },
          "lib/net40-Client/fr/UiPath.Database.Activities.resources.dll": {
            "locale": "fr"
          },
          "lib/net40-Client/fr/UiPath.Database.resources.dll": {
            "locale": "fr"
          },
          "lib/net40-Client/ja/UiPath.Database.Activities.Design.resources.dll": {
            "locale": "ja"
          },
          "lib/net40-Client/ja/UiPath.Database.Activities.resources.dll": {
            "locale": "ja"
          },
          "lib/net40-Client/ja/UiPath.Database.resources.dll": {
            "locale": "ja"
          }
        }
      },
      "UiPath.Excel.Activities/2.6.2": {
        "type": "package",
        "dependencies": {
          "ClosedXML": "0.87.1",
          "CsvHelper": "2.13.5",
          "DocumentFormat.OpenXml": "2.5.0",
          "Microsoft.VisualStudio.OLE.Interop": "7.10.6071",
          "NPOI": "2.4.1",
          "SharpZipLib": "1.0.0"
        },
        "compile": {
          "lib/net461/_._": {}
        },
        "runtime": {
          "lib/net461/UiPath.Excel.Activities.Design.dll": {},
          "lib/net461/UiPath.Excel.Activities.dll": {},
          "lib/net461/UiPath.Excel.dll": {}
        },
        "resource": {
          "lib/net461/fr/UiPath.Excel.Activities.Design.resources.dll": {
            "locale": "fr"
          },
          "lib/net461/fr/UiPath.Excel.Activities.resources.dll": {
            "locale": "fr"
          },
          "lib/net461/fr/UiPath.Excel.resources.dll": {
            "locale": "fr"
          },
          "lib/net461/ja/UiPath.Excel.Activities.Design.resources.dll": {
            "locale": "ja"
          },
          "lib/net461/ja/UiPath.Excel.Activities.resources.dll": {
            "locale": "ja"
          },
          "lib/net461/ja/UiPath.Excel.resources.dll": {
            "locale": "ja"
          },
          "lib/net461/ru/UiPath.Excel.Activities.Design.resources.dll": {
            "locale": "ru"
          },
          "lib/net461/ru/UiPath.Excel.Activities.resources.dll": {
            "locale": "ru"
          },
          "lib/net461/ru/UiPath.Excel.resources.dll": {
            "locale": "ru"
          },
          "lib/net461/zh-CN/UiPath.Excel.Activities.Design.resources.dll": {
            "locale": "zh-CN"
          },
          "lib/net461/zh-CN/UiPath.Excel.Activities.resources.dll": {
            "locale": "zh-CN"
          },
          "lib/net461/zh-CN/UiPath.Excel.resources.dll": {
            "locale": "zh-CN"
          }
        }
      },
      "UiPath.Mail.Activities/1.5.1": {
        "type": "package",
        "dependencies": {
          "BouncyCastle": "1.8.1",
          "Microsoft.Exchange.WebServices": "2.2.0",
          "interop.domino.dll": "1.0.0"
        },
        "compile": {
          "lib/net452/_._": {}
        },
        "runtime": {
          "lib/net452/MailKit.dll": {},
          "lib/net452/MimeKit.dll": {},
          "lib/net452/UiPath.Mail.Activities.Design.dll": {},
          "lib/net452/UiPath.Mail.Activities.dll": {},
          "lib/net452/UiPath.Mail.dll": {}
        },
        "resource": {
          "lib/net452/fr/UiPath.Mail.Activities.Design.resources.dll": {
            "locale": "fr"
          },
          "lib/net452/fr/UiPath.Mail.Activities.resources.dll": {
            "locale": "fr"
          },
          "lib/net452/fr/UiPath.Mail.resources.dll": {
            "locale": "fr"
          },
          "lib/net452/ja/UiPath.Mail.Activities.Design.resources.dll": {
            "locale": "ja"
          },
          "lib/net452/ja/UiPath.Mail.Activities.resources.dll": {
            "locale": "ja"
          },
          "lib/net452/ja/UiPath.Mail.resources.dll": {
            "locale": "ja"
          },
          "lib/net452/ru/UiPath.Mail.Activities.Design.resources.dll": {
            "locale": "ru"
          },
          "lib/net452/ru/UiPath.Mail.Activities.resources.dll": {
            "locale": "ru"
          },
          "lib/net452/ru/UiPath.Mail.resources.dll": {
            "locale": "ru"
          },
          "lib/net452/zh-CN/UiPath.Mail.Activities.Design.resources.dll": {
            "locale": "zh-CN"
          },
          "lib/net452/zh-CN/UiPath.Mail.Activities.resources.dll": {
            "locale": "zh-CN"
          },
          "lib/net452/zh-CN/UiPath.Mail.resources.dll": {
            "locale": "zh-CN"
          }
        }
      },
      "UiPath.System.Activities/19.8.0": {
        "type": "package",
        "dependencies": {
          "CsvHelper": "2.13.5",
          "Microsoft.AspNet.SignalR.Client": "2.4.0",
          "Microsoft.Extensions.FileSystemGlobbing": "2.2.0",
          "Microsoft.Rest.ClientRuntime": "2.3.20",
          "Newtonsoft.Json": "11.0.2"
        },
        "compile": {
          "lib/net461/_._": {}
        },
        "runtime": {
          "lib/net461/ActiproSoftware.Docking.Wpf.dll": {},
          "lib/net461/ActiproSoftware.Ribbon.Wpf.dll": {},
          "lib/net461/ActiproSoftware.Shared.Wpf.dll": {},
          "lib/net461/ActiproSoftware.SyntaxEditor.Addons.DotNet.Wpf.dll": {},
          "lib/net461/ActiproSoftware.SyntaxEditor.Wpf.dll": {},
          "lib/net461/ActiproSoftware.Text.Addons.DotNet.Wpf.dll": {},
          "lib/net461/ActiproSoftware.Text.LLParser.Wpf.dll": {},
          "lib/net461/ActiproSoftware.Text.Wpf.dll": {},
          "lib/net461/ActiproSoftware.Wizard.Wpf.dll": {},
          "lib/net461/CustomInputForm.exe": {},
          "lib/net461/UiPath.OrchestratorClient.dll": {},
          "lib/net461/UiPath.System.Activities.Design.dll": {},
          "lib/net461/UiPath.System.Activities.dll": {}
        },
        "resource": {
          "lib/net461/de/UiPath.System.Activities.Design.resources.dll": {
            "locale": "de"
          },
          "lib/net461/de/UiPath.System.Activities.resources.dll": {
            "locale": "de"
          },
          "lib/net461/fr/UiPath.System.Activities.Design.resources.dll": {
            "locale": "fr"
          },
          "lib/net461/fr/UiPath.System.Activities.resources.dll": {
            "locale": "fr"
          },
          "lib/net461/ja/UiPath.System.Activities.Design.resources.dll": {
            "locale": "ja"
          },
          "lib/net461/ja/UiPath.System.Activities.resources.dll": {
            "locale": "ja"
          },
          "lib/net461/ko/UiPath.System.Activities.Design.resources.dll": {
            "locale": "ko"
          },
          "lib/net461/ko/UiPath.System.Activities.resources.dll": {
            "locale": "ko"
          },
          "lib/net461/pt-BR/UiPath.System.Activities.Design.resources.dll": {
            "locale": "pt-BR"
          },
          "lib/net461/pt-BR/UiPath.System.Activities.resources.dll": {
            "locale": "pt-BR"
          },
          "lib/net461/ru/UiPath.System.Activities.Design.resources.dll": {
            "locale": "ru"
          },
          "lib/net461/ru/UiPath.System.Activities.resources.dll": {
            "locale": "ru"
          },
          "lib/net461/zh-CN/UiPath.System.Activities.Design.resources.dll": {
            "locale": "zh-CN"
          },
          "lib/net461/zh-CN/UiPath.System.Activities.resources.dll": {
            "locale": "zh-CN"
          }
        }
      },
      "UiPathTeam.Twilio.Workflow.Activities/1.0.0.3": {
        "type": "package",
        "compile": {
          "lib/_._": {}
        },
        "runtime": {
          "lib/Microsoft.IdentityModel.Logging.dll": {},
          "lib/Microsoft.IdentityModel.Tokens.dll": {},
          "lib/Newtonsoft.Json.dll": {},
          "lib/System.IdentityModel.Tokens.Jwt.dll": {},
          "lib/Twilio.dll": {},
          "lib/TwilioSMS.dll": {}
        }
      }
    }
  },
  "libraries": {
    "BouncyCastle/1.8.1": {
      "sha512": "nH+P67LavO5EcxjKdBxFfRdfdFhivS3Xp3+0br1KcpCI8DM6ksCWy6YYZjk7XFV+VsHGtkUovwIZ/vmCp42geA==",
      "type": "package",
      "path": "bouncycastle/1.8.1",
      "files": [
        ".nupkg.metadata",
        "Readme.txt",
        "bouncycastle.1.8.1.nupkg.sha512",
        "bouncycastle.nuspec",
        "lib/BouncyCastle.Crypto.dll"
      ]
    },
    "ClosedXML/0.87.1": {
      "sha512": "2LC0T8bu2G2kt34C4Ig87uZfrRO4MwMVI54e2To7m3DvwAs2Z2Ir86WQuUoW8Txo1uNGSfmu3DpfpQhSX0bIww==",
      "type": "package",
      "path": "closedxml/0.87.1",
      "files": [
        ".nupkg.metadata",
        "closedxml.0.87.1.nupkg.sha512",
        "closedxml.nuspec",
        "lib/net35/ClosedXML.dll",
        "lib/net35/ClosedXML.pdb",
        "lib/net35/ClosedXML.xml",
        "lib/net40/ClosedXML.dll",
        "lib/net40/ClosedXML.pdb",
        "lib/net40/ClosedXML.xml"
      ]
    },
    "CsvHelper/2.13.5": {
      "sha512": "fC8DPi/YTcZ8uXFiAeuT9EpsR2TE5cSJ2jg/4tht/Oen6az/djebpYoCQEtI33RfNrSZ533SedOknlWtUTX3fw==",
      "type": "package",
      "path": "csvhelper/2.13.5",
      "files": [
        ".nupkg.metadata",
        "csvhelper.2.13.5.nupkg.sha512",
        "csvhelper.nuspec",
        "lib/net20/CsvHelper.dll",
        "lib/net20/CsvHelper.pdb",
        "lib/net20/CsvHelper.xml",
        "lib/net35-client/CsvHelper.dll",
        "lib/net35-client/CsvHelper.pdb",
        "lib/net35-client/CsvHelper.xml",
        "lib/net40-client/CsvHelper.dll",
        "lib/net40-client/CsvHelper.pdb",
        "lib/net40-client/CsvHelper.xml",
        "lib/portable-net40+sl5+win8+wpa+wp8/CsvHelper.dll",
        "lib/portable-net40+sl5+win8+wpa+wp8/CsvHelper.pdb",
        "lib/portable-net40+sl5+win8+wpa+wp8/CsvHelper.xml"
      ]
    },
    "DocumentFormat.OpenXml/2.5.0": {
      "sha512": "H5jnox0hcLwzAjrpNqDPIItjh7dplF1kk1z8LatpI2h75wBgps1MepEttJFKs7xedQReCMHA0tGpNI0H2B+Mrg==",
      "type": "package",
      "path": "documentformat.openxml/2.5.0",
      "files": [
        ".nupkg.metadata",
        "documentformat.openxml.2.5.0.nupkg.sha512",
        "documentformat.openxml.nuspec",
        "lib/DocumentFormat.OpenXml.dll"
      ]
    },
    "interop.domino.dll/1.0.0": {
      "sha512": "gKTX8fwrysbgSWSrJUpMpdp/qmRwYT8JTnbpFzTN72WnX3M1vxkHzpxH3oGMSqpHf20n9AZ0TzDJkt2itp6hyQ==",
      "type": "package",
      "path": "interop.domino.dll/1.0.0",
      "files": [
        ".nupkg.metadata",
        "interop.domino.dll.1.0.0.nupkg.sha512",
        "interop.domino.dll.nuspec",
        "lib/Interop.Domino.dll"
      ]
    },
    "Microsoft.AspNet.SignalR.Client/2.4.0": {
      "sha512": "xGoQq9dEsBU49U1Whl0To2JyRQePmo8ayYS8VNruLlQaX+fQBzYyLJeMlW9r7mlt8Vc9JP+083m9pKrfYpdDbg==",
      "type": "package",
      "path": "microsoft.aspnet.signalr.client/2.4.0",
      "files": [
        ".nupkg.metadata",
        ".signature.p7s",
        "lib/net40/Microsoft.AspNet.SignalR.Client.dll",
        "lib/net40/Microsoft.AspNet.SignalR.Client.pdb",
        "lib/net40/Microsoft.AspNet.SignalR.Client.xml",
        "lib/net45/Microsoft.AspNet.SignalR.Client.dll",
        "lib/net45/Microsoft.AspNet.SignalR.Client.pdb",
        "lib/net45/Microsoft.AspNet.SignalR.Client.xml",
        "lib/netstandard1.3/Microsoft.AspNet.SignalR.Client.dll",
        "lib/netstandard1.3/Microsoft.AspNet.SignalR.Client.pdb",
        "lib/netstandard1.3/Microsoft.AspNet.SignalR.Client.xml",
        "lib/netstandard2.0/Microsoft.AspNet.SignalR.Client.dll",
        "lib/netstandard2.0/Microsoft.AspNet.SignalR.Client.pdb",
        "lib/netstandard2.0/Microsoft.AspNet.SignalR.Client.xml",
        "microsoft.aspnet.signalr.client.2.4.0.nupkg.sha512",
        "microsoft.aspnet.signalr.client.nuspec"
      ]
    },
    "Microsoft.Exchange.WebServices/2.2.0": {
      "sha512": "NlkaTD0uWtg9VbiWq0VDWMBPzHFknH3tmstrxt0acrT09LBGqATTjRpsGOODz6tUdX7/dehBinxsf75U5Uw/+A==",
      "type": "package",
      "path": "microsoft.exchange.webservices/2.2.0",
      "files": [
        ".nupkg.metadata",
        "doc/License Terms.rtf",
        "doc/README.htm",
        "doc/Redist.txt",
        "lib/40/Microsoft.Exchange.WebServices.Auth.dll",
        "lib/40/Microsoft.Exchange.WebServices.Auth.pdb",
        "lib/40/Microsoft.Exchange.WebServices.Auth.xml",
        "lib/40/Microsoft.Exchange.WebServices.dll",
        "lib/40/Microsoft.Exchange.WebServices.pdb",
        "lib/40/Microsoft.Exchange.WebServices.xml",
        "microsoft.exchange.webservices.2.2.0.nupkg.sha512",
        "microsoft.exchange.webservices.nuspec"
      ]
    },
    "Microsoft.Extensions.FileSystemGlobbing/2.2.0": {
      "sha512": "ZSsHZp3PyW6vk37tDEdypjgGlNtpJ0EixBMOfUod2Thx7GtwfFSAQXUQx8a8BN8vfWKGGMbp7jPWdoHx/At4wQ==",
      "type": "package",
      "path": "microsoft.extensions.filesystemglobbing/2.2.0",
      "files": [
        ".nupkg.metadata",
        ".signature.p7s",
        "lib/netstandard2.0/Microsoft.Extensions.FileSystemGlobbing.dll",
        "lib/netstandard2.0/Microsoft.Extensions.FileSystemGlobbing.xml",
        "microsoft.extensions.filesystemglobbing.2.2.0.nupkg.sha512",
        "microsoft.extensions.filesystemglobbing.nuspec"
      ]
    },
    "Microsoft.Rest.ClientRuntime/2.3.20": {
      "sha512": "bw/H1nO4JdnhTagPHWIFQwtlQ6rb2jqw5RTrqPsPqzrjhJxc7P6MyNGdf4pgHQdzdpBSNOfZTEQifoUkxmzYXQ==",
      "type": "package",
      "path": "microsoft.rest.clientruntime/2.3.20",
      "files": [
        ".nupkg.metadata",
        ".signature.p7s",
        "lib/net452/Microsoft.Rest.ClientRuntime.dll",
        "lib/net452/Microsoft.Rest.ClientRuntime.runtimeconfig.json",
        "lib/net452/Microsoft.Rest.ClientRuntime.xml",
        "lib/net461/Microsoft.Rest.ClientRuntime.dll",
        "lib/net461/Microsoft.Rest.ClientRuntime.runtimeconfig.json",
        "lib/net461/Microsoft.Rest.ClientRuntime.xml",
        "lib/netstandard1.4/Microsoft.Rest.ClientRuntime.dll",
        "lib/netstandard1.4/Microsoft.Rest.ClientRuntime.runtimeconfig.json",
        "lib/netstandard1.4/Microsoft.Rest.ClientRuntime.xml",
        "lib/netstandard2.0/Microsoft.Rest.ClientRuntime.dll",
        "lib/netstandard2.0/Microsoft.Rest.ClientRuntime.runtimeconfig.json",
        "lib/netstandard2.0/Microsoft.Rest.ClientRuntime.xml",
        "microsoft.rest.clientruntime.2.3.20.nupkg.sha512",
        "microsoft.rest.clientruntime.nuspec"
      ]
    },
    "Microsoft.VisualStudio.OLE.Interop/7.10.6071": {
      "sha512": "PuINhJH41DbKfkNU+qcyC4Wlt/z0DgI/ViZv6gjUclylnFbUIpCdqm4fK+PKJDfiarHTKnGWkxjKuOIS1Bqs5Q==",
      "type": "package",
      "path": "microsoft.visualstudio.ole.interop/7.10.6071",
      "files": [
        ".nupkg.metadata",
        "lib/Microsoft.VisualStudio.OLE.Interop.dll",
        "lib/Microsoft.VisualStudio.OLE.Interop.xml",
        "microsoft.visualstudio.ole.interop.7.10.6071.nupkg.sha512",
        "microsoft.visualstudio.ole.interop.nuspec"
      ]
    },
    "Newtonsoft.Json/11.0.2": {
      "sha512": "IvJe1pj7JHEsP8B8J8DwlMEx8UInrs/x+9oVY+oCD13jpLu4JbJU2WCIsMRn5C4yW9+DgkaO8uiVE5VHKjpmdQ==",
      "type": "package",
      "path": "newtonsoft.json/11.0.2",
      "files": [
        ".nupkg.metadata",
        "LICENSE.md",
        "lib/net20/Newtonsoft.Json.dll",
        "lib/net20/Newtonsoft.Json.xml",
        "lib/net35/Newtonsoft.Json.dll",
        "lib/net35/Newtonsoft.Json.xml",
        "lib/net40/Newtonsoft.Json.dll",
        "lib/net40/Newtonsoft.Json.xml",
        "lib/net45/Newtonsoft.Json.dll",
        "lib/net45/Newtonsoft.Json.xml",
        "lib/netstandard1.0/Newtonsoft.Json.dll",
        "lib/netstandard1.0/Newtonsoft.Json.xml",
        "lib/netstandard1.3/Newtonsoft.Json.dll",
        "lib/netstandard1.3/Newtonsoft.Json.xml",
        "lib/netstandard2.0/Newtonsoft.Json.dll",
        "lib/netstandard2.0/Newtonsoft.Json.xml",
        "lib/portable-net40+sl5+win8+wp8+wpa81/Newtonsoft.Json.dll",
        "lib/portable-net40+sl5+win8+wp8+wpa81/Newtonsoft.Json.xml",
        "lib/portable-net45+win8+wp8+wpa81/Newtonsoft.Json.dll",
        "lib/portable-net45+win8+wp8+wpa81/Newtonsoft.Json.xml",
        "newtonsoft.json.11.0.2.nupkg.sha512",
        "newtonsoft.json.nuspec"
      ]
    },
    "NPOI/2.4.1": {
      "sha512": "85790/CY9z4DCU1KLpcdLSqaqaqmQOenTqXJfcsYK8LIKNAAoTgjT5LYLbORgdwAd63sbaJiCfB1SIn/dAXrJw==",
      "type": "package",
      "path": "npoi/2.4.1",
      "files": [
        ".nupkg.metadata",
        "LICENSE",
        "Read Me.txt",
        "lib/NPOI.xml",
        "lib/net40/NPOI.OOXML.dll",
        "lib/net40/NPOI.OpenXml4Net.dll",
        "lib/net40/NPOI.OpenXmlFormats.dll",
        "lib/net40/NPOI.dll",
        "lib/net45/NPOI.OOXML.dll",
        "lib/net45/NPOI.OpenXml4Net.dll",
        "lib/net45/NPOI.OpenXmlFormats.dll",
        "lib/net45/NPOI.dll",
        "lib/netstandard2.0/NPOI.OOXML.deps.json",
        "lib/netstandard2.0/NPOI.OOXML.dll",
        "lib/netstandard2.0/NPOI.OpenXml4Net.deps.json",
        "lib/netstandard2.0/NPOI.OpenXml4Net.dll",
        "lib/netstandard2.0/NPOI.OpenXmlFormats.deps.json",
        "lib/netstandard2.0/NPOI.OpenXmlFormats.dll",
        "lib/netstandard2.0/NPOI.deps.json",
        "lib/netstandard2.0/NPOI.dll",
        "logo/120_120.jpg",
        "logo/240_240.png",
        "logo/32_32.jpg",
        "logo/60_60.jpg",
        "npoi.2.4.1.nupkg.sha512",
        "npoi.nuspec"
      ]
    },
    "SharpZipLib/1.0.0": {
      "sha512": "YuYztmY3jEb21F6e5LIPHJjApdtzdCPQ284UzsCKNfkgW71bukFHJES6RbKi+wm053XzFg0LX5/2vj/9gl8F/g==",
      "type": "package",
      "path": "sharpziplib/1.0.0",
      "files": [
        ".nupkg.metadata",
        "lib/net45/ICSharpCode.SharpZipLib.dll",
        "lib/net45/ICSharpCode.SharpZipLib.xml",
        "lib/netstandard2.0/ICSharpCode.SharpZipLib.dll",
        "lib/netstandard2.0/ICSharpCode.SharpZipLib.xml",
        "sharpziplib.1.0.0.nupkg.sha512",
        "sharpziplib.nuspec"
      ]
    },
    "UiPath.Database.Activities/1.2.6863.32528": {
      "sha512": "eNPiEjZztYygiGSvHoQla7A/IJZ54fa3qVkQRG7W+ANyI4mWsjkq0fKbPThaRIThrpJVwyU+0VMavTpHZCNKpQ==",
      "type": "package",
      "path": "uipath.database.activities/1.2.6863.32528",
      "files": [
        ".nupkg.metadata",
        "lib/net40-Client/Microsoft.Data.ConnectionUI.Dialog.dll",
        "lib/net40-Client/UiPath.Database.Activities.Design.dll",
        "lib/net40-Client/UiPath.Database.Activities.dll",
        "lib/net40-Client/UiPath.Database.dll",
        "lib/net40-Client/de/UiPath.Database.Activities.Design.resources.dll",
        "lib/net40-Client/de/UiPath.Database.Activities.resources.dll",
        "lib/net40-Client/de/UiPath.Database.resources.dll",
        "lib/net40-Client/fr/UiPath.Database.Activities.Design.resources.dll",
        "lib/net40-Client/fr/UiPath.Database.Activities.resources.dll",
        "lib/net40-Client/fr/UiPath.Database.resources.dll",
        "lib/net40-Client/ja/UiPath.Database.Activities.Design.resources.dll",
        "lib/net40-Client/ja/UiPath.Database.Activities.resources.dll",
        "lib/net40-Client/ja/UiPath.Database.resources.dll",
        "uipath.database.activities.1.2.6863.32528.nupkg.sha512",
        "uipath.database.activities.nuspec"
      ]
    },
    "UiPath.Excel.Activities/2.6.2": {
      "sha512": "nIkHK19PEjBDmQEiMmH7ZIi2mK6M/E7AXH2zhepOcFL/pf2dk9ZGuVBhs7ijhzlpBk1dzdNAfKWQ0wj58WG2kA==",
      "type": "package",
      "path": "uipath.excel.activities/2.6.2",
      "files": [
        ".nupkg.metadata",
        ".signature.p7s",
        "lib/net461/UiPath.Excel.Activities.Design.dll",
        "lib/net461/UiPath.Excel.Activities.dll",
        "lib/net461/UiPath.Excel.dll",
        "lib/net461/fr/UiPath.Excel.Activities.Design.resources.dll",
        "lib/net461/fr/UiPath.Excel.Activities.resources.dll",
        "lib/net461/fr/UiPath.Excel.resources.dll",
        "lib/net461/ja/UiPath.Excel.Activities.Design.resources.dll",
        "lib/net461/ja/UiPath.Excel.Activities.resources.dll",
        "lib/net461/ja/UiPath.Excel.resources.dll",
        "lib/net461/ru/UiPath.Excel.Activities.Design.resources.dll",
        "lib/net461/ru/UiPath.Excel.Activities.resources.dll",
        "lib/net461/ru/UiPath.Excel.resources.dll",
        "lib/net461/zh-CN/UiPath.Excel.Activities.Design.resources.dll",
        "lib/net461/zh-CN/UiPath.Excel.Activities.resources.dll",
        "lib/net461/zh-CN/UiPath.Excel.resources.dll",
        "uipath.excel.activities.2.6.2.nupkg.sha512",
        "uipath.excel.activities.nuspec"
      ]
    },
    "UiPath.Mail.Activities/1.5.1": {
      "sha512": "ZejvTmy0sUuLV5wNuYybsCIz2MUQ1keBTzPMHfcI7gaink07JdtMIirq+GSmBIxL3nfafPwSWYDwNSBb93hg4Q==",
      "type": "package",
      "path": "uipath.mail.activities/1.5.1",
      "files": [
        ".nupkg.metadata",
        ".signature.p7s",
        "lib/net452/MailKit.dll",
        "lib/net452/MailKit.xml",
        "lib/net452/MimeKit.dll",
        "lib/net452/MimeKit.xml",
        "lib/net452/UiPath.Mail.Activities.Design.dll",
        "lib/net452/UiPath.Mail.Activities.dll",
        "lib/net452/UiPath.Mail.dll",
        "lib/net452/fr/UiPath.Mail.Activities.Design.resources.dll",
        "lib/net452/fr/UiPath.Mail.Activities.resources.dll",
        "lib/net452/fr/UiPath.Mail.resources.dll",
        "lib/net452/ja/UiPath.Mail.Activities.Design.resources.dll",
        "lib/net452/ja/UiPath.Mail.Activities.resources.dll",
        "lib/net452/ja/UiPath.Mail.resources.dll",
        "lib/net452/ru/UiPath.Mail.Activities.Design.resources.dll",
        "lib/net452/ru/UiPath.Mail.Activities.resources.dll",
        "lib/net452/ru/UiPath.Mail.resources.dll",
        "lib/net452/zh-CN/UiPath.Mail.Activities.Design.resources.dll",
        "lib/net452/zh-CN/UiPath.Mail.Activities.resources.dll",
        "lib/net452/zh-CN/UiPath.Mail.resources.dll",
        "uipath.mail.activities.1.5.1.nupkg.sha512",
        "uipath.mail.activities.nuspec"
      ]
    },
    "UiPath.System.Activities/19.8.0": {
      "sha512": "9kTdw5VkjDJg5p5j0Q5JgUopE+3jg2gEWPv67IbNwJ+wQ0hbzj704bEs4tddknkLf7FLh6JXu3oaaIzKmEisYw==",
      "type": "package",
      "path": "uipath.system.activities/19.8.0",
      "files": [
        ".nupkg.metadata",
        ".signature.p7s",
        "lib/net461/ActiproSoftware.Docking.Wpf.dll",
        "lib/net461/ActiproSoftware.Ribbon.Wpf.dll",
        "lib/net461/ActiproSoftware.Shared.Wpf.dll",
        "lib/net461/ActiproSoftware.SyntaxEditor.Addons.DotNet.Wpf.dll",
        "lib/net461/ActiproSoftware.SyntaxEditor.Wpf.dll",
        "lib/net461/ActiproSoftware.Text.Addons.DotNet.Wpf.dll",
        "lib/net461/ActiproSoftware.Text.LLParser.Wpf.dll",
        "lib/net461/ActiproSoftware.Text.Wpf.dll",
        "lib/net461/ActiproSoftware.Wizard.Wpf.dll",
        "lib/net461/CustomInputForm.exe",
        "lib/net461/UiPath.OrchestratorClient.dll",
        "lib/net461/UiPath.System.Activities.Design.dll",
        "lib/net461/UiPath.System.Activities.dll",
        "lib/net461/de/UiPath.System.Activities.Design.resources.dll",
        "lib/net461/de/UiPath.System.Activities.resources.dll",
        "lib/net461/fr/UiPath.System.Activities.Design.resources.dll",
        "lib/net461/fr/UiPath.System.Activities.resources.dll",
        "lib/net461/ja/UiPath.System.Activities.Design.resources.dll",
        "lib/net461/ja/UiPath.System.Activities.resources.dll",
        "lib/net461/ko/UiPath.System.Activities.Design.resources.dll",
        "lib/net461/ko/UiPath.System.Activities.resources.dll",
        "lib/net461/pt-BR/UiPath.System.Activities.Design.resources.dll",
        "lib/net461/pt-BR/UiPath.System.Activities.resources.dll",
        "lib/net461/ru/UiPath.System.Activities.Design.resources.dll",
        "lib/net461/ru/UiPath.System.Activities.resources.dll",
        "lib/net461/zh-CN/UiPath.System.Activities.Design.resources.dll",
        "lib/net461/zh-CN/UiPath.System.Activities.resources.dll",
        "uipath.system.activities.19.8.0.nupkg.sha512",
        "uipath.system.activities.nuspec"
      ]
    },
    "UiPathTeam.Twilio.Workflow.Activities/1.0.0.3": {
      "sha512": "+ztLTeEfk6s/K1AXX2o3cxxq+rdBXhWcjH2j18lUFoB7bIuEfXWVcs2fSYG5Bj/hCTHwD+YyE2qktH4RnfEgEQ==",
      "type": "package",
      "path": "uipathteam.twilio.workflow.activities/1.0.0.3",
      "files": [
        ".nupkg.metadata",
        "lib/Microsoft.IdentityModel.Logging.dll",
        "lib/Microsoft.IdentityModel.Tokens.dll",
        "lib/Newtonsoft.Json.dll",
        "lib/System.IdentityModel.Tokens.Jwt.dll",
        "lib/Twilio.dll",
        "lib/TwilioSMS.dll",
        "uipathteam.twilio.workflow.activities.1.0.0.3.nupkg.sha512",
        "uipathteam.twilio.workflow.activities.nuspec"
      ]
    }
  },
  "projectFileDependencyGroups": {
    "": [],
    ".NETFramework,Version=v4.6.1": [
      "UiPath.Database.Activities >= 1.2.6863.32528 <= 1.2.6863.32528",
      "UiPath.Excel.Activities >= 2.6.2 <= 2.6.2",
      "UiPath.Mail.Activities >= 1.5.1 <= 1.5.1",
      "UiPath.System.Activities >= 19.8.0 <= 19.8.0",
      "UiPathTeam.Twilio.Workflow.Activities >= 1.0.0.3 <= 1.0.0.3"
    ]
  },
  "packageFolders": {
    "C:\\Users\\jiji\\.nuget\\packages\\": {}
  },
  "project": {
    "restore": {
      "projectUniqueName": "Employee_Assistant_Bot",
      "projectName": "Employee_Assistant_Bot",
      "projectPath": "C:\\Users\\jiji\\Documents\\UiPath\\Hackathon\\Employee_Assistant_BOT\\.local",
      "packagesPath": "C:\\Users\\jiji\\.nuget\\packages\\",
      "outputPath": "C:\\Users\\jiji\\Documents\\UiPath\\Hackathon\\Employee_Assistant_BOT\\.local"
    },
    "frameworks": {
      "net461": {
        "dependencies": {
          "UiPath.Database.Activities": {
            "include": "Runtime",
            "target": "Package",
            "version": "[1.2.6863.32528, 1.2.6863.32528]"
          },
          "UiPath.Excel.Activities": {
            "include": "Runtime",
            "target": "Package",
            "version": "[2.6.2, 2.6.2]"
          },
          "UiPath.Mail.Activities": {
            "include": "Runtime",
            "target": "Package",
            "version": "[1.5.1, 1.5.1]"
          },
          "UiPath.System.Activities": {
            "include": "Runtime",
            "target": "Package",
            "version": "[19.8.0, 19.8.0]"
          },
          "UiPathTeam.Twilio.Workflow.Activities": {
            "include": "Runtime",
            "target": "Package",
            "version": "[1.0.0.3, 1.0.0.3]"
          }
        }
      }
    }
  },
  "logs": [
    {
      "code": "NU3034",
      "level": "Warning",
      "warningLevel": 1,
      "message": "Package 'Microsoft.Extensions.FileSystemGlobbing 2.2.0' from source 'https://api.nuget.org/v3/index.json': This package is signed but not by a trusted signer.",
      "libraryId": "Microsoft.Extensions.FileSystemGlobbing"
    }
  ]
}