{
  "Packages": [
    {
      "Package": {
        "Id": "UiPath.Database.Activities",
        "Version": "1.2.6863.32528"
      },
      "Assemblies": [
        "C:\\Users\\jiji\\.nuget\\packages\\uipath.database.activities/1.2.6863.32528\\lib/net40-Client/Microsoft.Data.ConnectionUI.Dialog.dll",
        "C:\\Users\\jiji\\.nuget\\packages\\uipath.database.activities/1.2.6863.32528\\lib/net40-Client/UiPath.Database.Activities.Design.dll",
        "C:\\Users\\jiji\\.nuget\\packages\\uipath.database.activities/1.2.6863.32528\\lib/net40-Client/UiPath.Database.Activities.dll",
        "C:\\Users\\jiji\\.nuget\\packages\\uipath.database.activities/1.2.6863.32528\\lib/net40-Client/UiPath.Database.dll"
      ]
    },
    {
      "Package": {
        "Id": "UiPath.Excel.Activities",
        "Version": "2.6.2"
      },
      "Assemblies": [
        "C:\\Users\\jiji\\.nuget\\packages\\closedxml/0.87.1\\lib/net40/ClosedXML.dll",
        "C:\\Users\\jiji\\.nuget\\packages\\csvhelper/2.13.5\\lib/net40-client/CsvHelper.dll",
        "C:\\Users\\jiji\\.nuget\\packages\\documentformat.openxml/2.5.0\\lib/DocumentFormat.OpenXml.dll",
        "C:\\Users\\jiji\\.nuget\\packages\\microsoft.visualstudio.ole.interop/7.10.6071\\lib/Microsoft.VisualStudio.OLE.Interop.dll",
        "C:\\Users\\jiji\\.nuget\\packages\\npoi/2.4.1\\lib/net45/NPOI.OOXML.dll",
        "C:\\Users\\jiji\\.nuget\\packages\\npoi/2.4.1\\lib/net45/NPOI.OpenXml4Net.dll",
        "C:\\Users\\jiji\\.nuget\\packages\\npoi/2.4.1\\lib/net45/NPOI.OpenXmlFormats.dll",
        "C:\\Users\\jiji\\.nuget\\packages\\npoi/2.4.1\\lib/net45/NPOI.dll",
        "C:\\Users\\jiji\\.nuget\\packages\\sharpziplib/1.0.0\\lib/net45/ICSharpCode.SharpZipLib.dll",
        "C:\\Users\\jiji\\.nuget\\packages\\uipath.excel.activities/2.6.2\\lib/net461/UiPath.Excel.Activities.Design.dll",
        "C:\\Users\\jiji\\.nuget\\packages\\uipath.excel.activities/2.6.2\\lib/net461/UiPath.Excel.Activities.dll",
        "C:\\Users\\jiji\\.nuget\\packages\\uipath.excel.activities/2.6.2\\lib/net461/UiPath.Excel.dll"
      ]
    },
    {
      "Package": {
        "Id": "UiPath.Mail.Activities",
        "Version": "1.5.1"
      },
      "Assemblies": [
        "C:\\Users\\jiji\\.nuget\\packages\\bouncycastle/1.8.1\\lib/BouncyCastle.Crypto.dll",
        "C:\\Users\\jiji\\.nuget\\packages\\interop.domino.dll/1.0.0\\lib/Interop.Domino.dll",
        "C:\\Users\\jiji\\.nuget\\packages\\microsoft.exchange.webservices/2.2.0\\lib/40/Microsoft.Exchange.WebServices.Auth.dll",
        "C:\\Users\\jiji\\.nuget\\packages\\microsoft.exchange.webservices/2.2.0\\lib/40/Microsoft.Exchange.WebServices.dll",
        "C:\\Users\\jiji\\.nuget\\packages\\uipath.mail.activities/1.5.1\\lib/net452/MailKit.dll",
        "C:\\Users\\jiji\\.nuget\\packages\\uipath.mail.activities/1.5.1\\lib/net452/MimeKit.dll",
        "C:\\Users\\jiji\\.nuget\\packages\\uipath.mail.activities/1.5.1\\lib/net452/UiPath.Mail.Activities.Design.dll",
        "C:\\Users\\jiji\\.nuget\\packages\\uipath.mail.activities/1.5.1\\lib/net452/UiPath.Mail.Activities.dll",
        "C:\\Users\\jiji\\.nuget\\packages\\uipath.mail.activities/1.5.1\\lib/net452/UiPath.Mail.dll"
      ]
    },
    {
      "Package": {
        "Id": "UiPathTeam.Twilio.Workflow.Activities",
        "Version": "1.0.0.3"
      },
      "Assemblies": [
        "C:\\Users\\jiji\\.nuget\\packages\\uipathteam.twilio.workflow.activities/1.0.0.3\\lib/Microsoft.IdentityModel.Logging.dll",
        "C:\\Users\\jiji\\.nuget\\packages\\uipathteam.twilio.workflow.activities/1.0.0.3\\lib/Microsoft.IdentityModel.Tokens.dll",
        "C:\\Users\\jiji\\.nuget\\packages\\uipathteam.twilio.workflow.activities/1.0.0.3\\lib/Newtonsoft.Json.dll",
        "C:\\Users\\jiji\\.nuget\\packages\\uipathteam.twilio.workflow.activities/1.0.0.3\\lib/System.IdentityModel.Tokens.Jwt.dll",
        "C:\\Users\\jiji\\.nuget\\packages\\uipathteam.twilio.workflow.activities/1.0.0.3\\lib/Twilio.dll",
        "C:\\Users\\jiji\\.nuget\\packages\\uipathteam.twilio.workflow.activities/1.0.0.3\\lib/TwilioSMS.dll"
      ]
    },
    {
      "Package": {
        "Id": "UiPath.System.Activities",
        "Version": "19.8.0"
      },
      "Assemblies": [
        "C:\\Users\\jiji\\.nuget\\packages\\csvhelper/2.13.5\\lib/net40-client/CsvHelper.dll",
        "C:\\Users\\jiji\\.nuget\\packages\\microsoft.aspnet.signalr.client/2.4.0\\lib/net45/Microsoft.AspNet.SignalR.Client.dll",
        "C:\\Users\\jiji\\.nuget\\packages\\microsoft.extensions.filesystemglobbing/2.2.0\\lib/netstandard2.0/Microsoft.Extensions.FileSystemGlobbing.dll",
        "C:\\Users\\jiji\\.nuget\\packages\\microsoft.rest.clientruntime/2.3.20\\lib/net461/Microsoft.Rest.ClientRuntime.dll",
        "C:\\Users\\jiji\\.nuget\\packages\\newtonsoft.json/11.0.2\\lib/net45/Newtonsoft.Json.dll",
        "C:\\Users\\jiji\\.nuget\\packages\\uipath.system.activities/19.8.0\\lib/net461/ActiproSoftware.Docking.Wpf.dll",
        "C:\\Users\\jiji\\.nuget\\packages\\uipath.system.activities/19.8.0\\lib/net461/ActiproSoftware.Ribbon.Wpf.dll",
        "C:\\Users\\jiji\\.nuget\\packages\\uipath.system.activities/19.8.0\\lib/net461/ActiproSoftware.Shared.Wpf.dll",
        "C:\\Users\\jiji\\.nuget\\packages\\uipath.system.activities/19.8.0\\lib/net461/ActiproSoftware.SyntaxEditor.Addons.DotNet.Wpf.dll",
        "C:\\Users\\jiji\\.nuget\\packages\\uipath.system.activities/19.8.0\\lib/net461/ActiproSoftware.SyntaxEditor.Wpf.dll",
        "C:\\Users\\jiji\\.nuget\\packages\\uipath.system.activities/19.8.0\\lib/net461/ActiproSoftware.Text.Addons.DotNet.Wpf.dll",
        "C:\\Users\\jiji\\.nuget\\packages\\uipath.system.activities/19.8.0\\lib/net461/ActiproSoftware.Text.LLParser.Wpf.dll",
        "C:\\Users\\jiji\\.nuget\\packages\\uipath.system.activities/19.8.0\\lib/net461/ActiproSoftware.Text.Wpf.dll",
        "C:\\Users\\jiji\\.nuget\\packages\\uipath.system.activities/19.8.0\\lib/net461/ActiproSoftware.Wizard.Wpf.dll",
        "C:\\Users\\jiji\\.nuget\\packages\\uipath.system.activities/19.8.0\\lib/net461/UiPath.OrchestratorClient.dll",
        "C:\\Users\\jiji\\.nuget\\packages\\uipath.system.activities/19.8.0\\lib/net461/UiPath.System.Activities.Design.dll",
        "C:\\Users\\jiji\\.nuget\\packages\\uipath.system.activities/19.8.0\\lib/net461/UiPath.System.Activities.dll"
      ]
    }
  ],
  "Conflicts": [],
  "ResolvedDependencies": {
    "BouncyCastle": {
      "Id": "BouncyCastle",
      "Version": "1.8.1",
      "Dependencies": []
    },
    "ClosedXML": {
      "Id": "ClosedXML",
      "Version": "0.87.1",
      "Dependencies": [
        {
          "Item1": "DocumentFormat.OpenXml",
          "Item2": "[2.5.0, )"
        }
      ]
    },
    "CsvHelper": {
      "Id": "CsvHelper",
      "Version": "2.13.5",
      "Dependencies": []
    },
    "DocumentFormat.OpenXml": {
      "Id": "DocumentFormat.OpenXml",
      "Version": "2.5.0",
      "Dependencies": []
    },
    "interop.domino.dll": {
      "Id": "interop.domino.dll",
      "Version": "1.0.0",
      "Dependencies": []
    },
    "Microsoft.AspNet.SignalR.Client": {
      "Id": "Microsoft.AspNet.SignalR.Client",
      "Version": "2.4.0",
      "Dependencies": [
        {
          "Item1": "Newtonsoft.Json",
          "Item2": "[6.0.4, )"
        }
      ]
    },
    "Microsoft.Exchange.WebServices": {
      "Id": "Microsoft.Exchange.WebServices",
      "Version": "2.2.0",
      "Dependencies": []
    },
    "Microsoft.Extensions.FileSystemGlobbing": {
      "Id": "Microsoft.Extensions.FileSystemGlobbing",
      "Version": "2.2.0",
      "Dependencies": []
    },
    "Microsoft.Rest.ClientRuntime": {
      "Id": "Microsoft.Rest.ClientRuntime",
      "Version": "2.3.20",
      "Dependencies": [
        {
          "Item1": "Newtonsoft.Json",
          "Item2": "[10.0.3, )"
        }
      ]
    },
    "Microsoft.VisualStudio.OLE.Interop": {
      "Id": "Microsoft.VisualStudio.OLE.Interop",
      "Version": "7.10.6071",
      "Dependencies": []
    },
    "Newtonsoft.Json": {
      "Id": "Newtonsoft.Json",
      "Version": "11.0.2",
      "Dependencies": []
    },
    "NPOI": {
      "Id": "NPOI",
      "Version": "2.4.1",
      "Dependencies": [
        {
          "Item1": "SharpZipLib",
          "Item2": "[1.0.0, )"
        }
      ]
    },
    "SharpZipLib": {
      "Id": "SharpZipLib",
      "Version": "1.0.0",
      "Dependencies": []
    },
    "UiPath.Database.Activities": {
      "Id": "UiPath.Database.Activities",
      "Version": "1.2.6863.32528",
      "Dependencies": []
    },
    "UiPath.Excel.Activities": {
      "Id": "UiPath.Excel.Activities",
      "Version": "2.6.2",
      "Dependencies": [
        {
          "Item1": "ClosedXML",
          "Item2": "[0.87.1, )"
        },
        {
          "Item1": "CsvHelper",
          "Item2": "[2.13.5, )"
        },
        {
          "Item1": "DocumentFormat.OpenXml",
          "Item2": "[2.5.0, )"
        },
        {
          "Item1": "Microsoft.VisualStudio.OLE.Interop",
          "Item2": "[7.10.6071, )"
        },
        {
          "Item1": "NPOI",
          "Item2": "[2.4.1, )"
        },
        {
          "Item1": "SharpZipLib",
          "Item2": "[1.0.0, )"
        }
      ]
    },
    "UiPath.Mail.Activities": {
      "Id": "UiPath.Mail.Activities",
      "Version": "1.5.1",
      "Dependencies": [
        {
          "Item1": "Microsoft.Exchange.WebServices",
          "Item2": "[2.2.0, )"
        },
        {
          "Item1": "BouncyCastle",
          "Item2": "[1.8.1, )"
        },
        {
          "Item1": "interop.domino.dll",
          "Item2": "[1.0.0, )"
        }
      ]
    },
    "UiPath.System.Activities": {
      "Id": "UiPath.System.Activities",
      "Version": "19.8.0",
      "Dependencies": [
        {
          "Item1": "CsvHelper",
          "Item2": "[2.13.5, )"
        },
        {
          "Item1": "Microsoft.AspNet.SignalR.Client",
          "Item2": "[2.4.0, )"
        },
        {
          "Item1": "Microsoft.Extensions.FileSystemGlobbing",
          "Item2": "[2.2.0, )"
        },
        {
          "Item1": "Microsoft.Rest.ClientRuntime",
          "Item2": "[2.3.20, )"
        },
        {
          "Item1": "Newtonsoft.Json",
          "Item2": "[11.0.2, )"
        }
      ]
    },
    "UiPathTeam.Twilio.Workflow.Activities": {
      "Id": "UiPathTeam.Twilio.Workflow.Activities",
      "Version": "1.0.0.3",
      "Dependencies": []
    }
  }
}